PRAGMA foreign_keys=OFF;
BEGIN TRANSACTION;
CREATE TABLE "django_migrations" ("id" integer NOT NULL PRIMARY KEY AUTOINCREMENT, "app" varchar(255) NOT NULL, "name" varchar(255) NOT NULL, "applied" datetime NOT NULL);
INSERT INTO "django_migrations" VALUES(1,'contenttypes','0001_initial','2021-01-21 16:53:35.518518');
INSERT INTO "django_migrations" VALUES(2,'contenttypes','0002_remove_content_type_name','2021-01-21 16:53:35.539690');
INSERT INTO "django_migrations" VALUES(3,'auth','0001_initial','2021-01-21 16:53:35.558673');
INSERT INTO "django_migrations" VALUES(4,'auth','0002_alter_permission_name_max_length','2021-01-21 16:53:35.586980');
INSERT INTO "django_migrations" VALUES(5,'auth','0003_alter_user_email_max_length','2021-01-21 16:53:35.599378');
INSERT INTO "django_migrations" VALUES(6,'auth','0004_alter_user_username_opts','2021-01-21 16:53:35.616978');
INSERT INTO "django_migrations" VALUES(7,'auth','0005_alter_user_last_login_null','2021-01-21 16:53:35.629886');
INSERT INTO "django_migrations" VALUES(8,'auth','0006_require_contenttypes_0002','2021-01-21 16:53:35.638027');
INSERT INTO "django_migrations" VALUES(9,'auth','0007_alter_validators_add_error_messages','2021-01-21 16:53:35.648551');
INSERT INTO "django_migrations" VALUES(10,'auth','0008_alter_user_username_max_length','2021-01-21 16:53:35.661956');
INSERT INTO "django_migrations" VALUES(11,'auth','0009_alter_user_last_name_max_length','2021-01-21 16:53:35.673866');
INSERT INTO "django_migrations" VALUES(12,'auth','0010_alter_group_name_max_length','2021-01-21 16:53:35.709011');
INSERT INTO "django_migrations" VALUES(13,'auth','0011_update_proxy_permissions','2021-01-21 16:53:35.739687');
INSERT INTO "django_migrations" VALUES(14,'user','0001_initial','2021-01-21 16:53:35.767305');
INSERT INTO "django_migrations" VALUES(15,'admin','0001_initial','2021-01-21 16:53:35.802107');
INSERT INTO "django_migrations" VALUES(16,'admin','0002_logentry_remove_auto_add','2021-01-21 16:53:35.832894');
INSERT INTO "django_migrations" VALUES(17,'admin','0003_logentry_add_action_flag_choices','2021-01-21 16:53:35.868633');
INSERT INTO "django_migrations" VALUES(18,'project','0001_initial','2021-01-21 16:53:35.892630');
INSERT INTO "django_migrations" VALUES(19,'project','0002_auto_20210121_1653','2021-01-21 16:53:36.007431');
INSERT INTO "django_migrations" VALUES(20,'sessions','0001_initial','2021-01-21 16:53:36.030292');
CREATE TABLE "django_content_type" ("id" integer NOT NULL PRIMARY KEY AUTOINCREMENT, "app_label" varchar(100) NOT NULL, "model" varchar(100) NOT NULL);
INSERT INTO "django_content_type" VALUES(1,'admin','logentry');
INSERT INTO "django_content_type" VALUES(2,'auth','permission');
INSERT INTO "django_content_type" VALUES(3,'auth','group');
INSERT INTO "django_content_type" VALUES(4,'contenttypes','contenttype');
INSERT INTO "django_content_type" VALUES(5,'sessions','session');
INSERT INTO "django_content_type" VALUES(6,'user','user');
INSERT INTO "django_content_type" VALUES(7,'project','comments');
INSERT INTO "django_content_type" VALUES(8,'project','evaluateby');
INSERT INTO "django_content_type" VALUES(9,'project','image');
INSERT INTO "django_content_type" VALUES(10,'project','projects');
CREATE TABLE "auth_group_permissions" ("id" integer NOT NULL PRIMARY KEY AUTOINCREMENT, "group_id" integer NOT NULL REFERENCES "auth_group" ("id") DEFERRABLE INITIALLY DEFERRED, "permission_id" integer NOT NULL REFERENCES "auth_permission" ("id") DEFERRABLE INITIALLY DEFERRED);
CREATE TABLE "auth_permission" ("id" integer NOT NULL PRIMARY KEY AUTOINCREMENT, "content_type_id" integer NOT NULL REFERENCES "django_content_type" ("id") DEFERRABLE INITIALLY DEFERRED, "codename" varchar(100) NOT NULL, "name" varchar(255) NOT NULL);
INSERT INTO "auth_permission" VALUES(1,1,'add_logentry','Can add log entry');
INSERT INTO "auth_permission" VALUES(2,1,'change_logentry','Can change log entry');
INSERT INTO "auth_permission" VALUES(3,1,'delete_logentry','Can delete log entry');
INSERT INTO "auth_permission" VALUES(4,1,'view_logentry','Can view log entry');
INSERT INTO "auth_permission" VALUES(5,2,'add_permission','Can add permission');
INSERT INTO "auth_permission" VALUES(6,2,'change_permission','Can change permission');
INSERT INTO "auth_permission" VALUES(7,2,'delete_permission','Can delete permission');
INSERT INTO "auth_permission" VALUES(8,2,'view_permission','Can view permission');
INSERT INTO "auth_permission" VALUES(9,3,'add_group','Can add group');
INSERT INTO "auth_permission" VALUES(10,3,'change_group','Can change group');
INSERT INTO "auth_permission" VALUES(11,3,'delete_group','Can delete group');
INSERT INTO "auth_permission" VALUES(12,3,'view_group','Can view group');
INSERT INTO "auth_permission" VALUES(13,4,'add_contenttype','Can add content type');
INSERT INTO "auth_permission" VALUES(14,4,'change_contenttype','Can change content type');
INSERT INTO "auth_permission" VALUES(15,4,'delete_contenttype','Can delete content type');
INSERT INTO "auth_permission" VALUES(16,4,'view_contenttype','Can view content type');
INSERT INTO "auth_permission" VALUES(17,5,'add_session','Can add session');
INSERT INTO "auth_permission" VALUES(18,5,'change_session','Can change session');
INSERT INTO "auth_permission" VALUES(19,5,'delete_session','Can delete session');
INSERT INTO "auth_permission" VALUES(20,5,'view_session','Can view session');
INSERT INTO "auth_permission" VALUES(21,6,'add_user','Can add user');
INSERT INTO "auth_permission" VALUES(22,6,'change_user','Can change user');
INSERT INTO "auth_permission" VALUES(23,6,'delete_user','Can delete user');
INSERT INTO "auth_permission" VALUES(24,6,'view_user','Can view user');
INSERT INTO "auth_permission" VALUES(25,7,'add_comments','Can add comments');
INSERT INTO "auth_permission" VALUES(26,7,'change_comments','Can change comments');
INSERT INTO "auth_permission" VALUES(27,7,'delete_comments','Can delete comments');
INSERT INTO "auth_permission" VALUES(28,7,'view_comments','Can view comments');
INSERT INTO "auth_permission" VALUES(29,8,'add_evaluateby','Can add evaluate by');
INSERT INTO "auth_permission" VALUES(30,8,'change_evaluateby','Can change evaluate by');
INSERT INTO "auth_permission" VALUES(31,8,'delete_evaluateby','Can delete evaluate by');
INSERT INTO "auth_permission" VALUES(32,8,'view_evaluateby','Can view evaluate by');
INSERT INTO "auth_permission" VALUES(33,9,'add_image','Can add image');
INSERT INTO "auth_permission" VALUES(34,9,'change_image','Can change image');
INSERT INTO "auth_permission" VALUES(35,9,'delete_image','Can delete image');
INSERT INTO "auth_permission" VALUES(36,9,'view_image','Can view image');
INSERT INTO "auth_permission" VALUES(37,10,'add_projects','Can add projects');
INSERT INTO "auth_permission" VALUES(38,10,'change_projects','Can change projects');
INSERT INTO "auth_permission" VALUES(39,10,'delete_projects','Can delete projects');
INSERT INTO "auth_permission" VALUES(40,10,'view_projects','Can view projects');
CREATE TABLE "auth_group" ("id" integer NOT NULL PRIMARY KEY AUTOINCREMENT, "name" varchar(150) NOT NULL UNIQUE);
CREATE TABLE "user_user" ("id" integer NOT NULL PRIMARY KEY AUTOINCREMENT, "password" varchar(128) NOT NULL, "last_login" datetime NULL, "is_superuser" bool NOT NULL, "username" varchar(150) NOT NULL UNIQUE, "first_name" varchar(30) NOT NULL, "last_name" varchar(150) NOT NULL, "email" varchar(254) NOT NULL, "is_staff" bool NOT NULL, "is_active" bool NOT NULL, "date_joined" datetime NOT NULL, "karma" integer NOT NULL, "role" integer NOT NULL, "description" text NOT NULL, "funds" integer NOT NULL);
INSERT INTO "user_user" VALUES(1,'pbkdf2_sha256$150000$rs1GRkkzi7kL$kvofNHgPtEnq9j7aC5Vms3iaN6W1mN7dTA7rXemEee0=','2021-01-21 17:00:52.614568',0,'maker1','','','maker1@test.fr',0,1,'2021-01-21 14:36:11.842381',0,1,'Je suis le maker 1',0);
INSERT INTO "user_user" VALUES(2,'pbkdf2_sha256$150000$tAJZVyYrpgSj$WDGpIbKLAZ0ajNa+QE/LvR675K3u9f4YNWM9JV862yM=','2021-01-21 15:50:33.729509',0,'maker2','','','maker2@test.fr',0,1,'2021-01-21 14:44:37.361173',0,1,'Je suis le maker2',0);
INSERT INTO "user_user" VALUES(3,'pbkdf2_sha256$150000$r4YRrcluKnNe$gKNas+53by6VwI50mhgDlCuGG6NoYSKTGLS/aq0coSU=','2021-01-21 15:50:18.264491',0,'funder1','','','funder1@test.fr',0,1,'2021-01-21 14:52:48.838536',0,2,'Je vais donner mon argent',24500);
INSERT INTO "user_user" VALUES(4,'pbkdf2_sha256$150000$YS8tCvcLp16P$4DwkEHM79bn3V8USNdHCNo3Pnc1I0CSowbbcOfzyz4o=','2021-01-21 16:09:07.010093',0,'rater1','','','rater@test.fr',0,1,'2021-01-21 14:56:59.504354',78,3,'I''m a rater ! I''m very nice so I can give you a 5 star rate !',4000);
INSERT INTO "user_user" VALUES(5,'pbkdf2_sha256$150000$4Quxpe7eBxUV$ECe5lrRxmC/ZLUmST6w2jtJI+i969qpRC9K+7rBw8yI=','2021-01-21 16:09:16.091735',0,'rater2','','','rater2@test.fr',0,1,'2021-01-21 15:00:26.359620',51,3,'I''m the rater2 ! I''m very bas, so I will put you very bad marks !',0);
INSERT INTO "user_user" VALUES(6,'pbkdf2_sha256$150000$xAZhAUrR8V4e$sVjJnFTAbFP+daEhWRzZa4z7LZTEtiXTCvCMAK1UYvo=','2021-01-21 15:48:57.590673',0,'rater3','','','rater3@test.fr',0,1,'2021-01-21 15:10:10.492707',56,3,'I''m the rater 3 ! I''m so-so, so I will be the one with really objective notes !',0);
INSERT INTO "user_user" VALUES(7,'pbkdf2_sha256$150000$T1N2bOSdr7Yh$9XOsIdmBYy6qHjfLVlAN9xP3tQu+arwWUF4rgkL7fHY=','2021-01-21 15:30:05.475910',0,'funder2','','','funder2@test.fr',0,1,'2021-01-21 15:30:05.341577',0,2,'I''m the second funder, with a lot of money !',2131);
INSERT INTO "user_user" VALUES(8,'pbkdf2_sha256$150000$3PK4W9x8TP7I$DhBR3uVctlab8CjfmwJRE8b2b1bOOzZLx0xjfA/4jMA=','2021-01-21 15:41:59.539058',0,'Homer','','','homer@simpson.fr',0,1,'2021-01-21 15:41:59.403193',0,1,'OUH PINAISE !',0);
CREATE TABLE "user_user_groups" ("id" integer NOT NULL PRIMARY KEY AUTOINCREMENT, "user_id" integer NOT NULL REFERENCES "user_user" ("id") DEFERRABLE INITIALLY DEFERRED, "group_id" integer NOT NULL REFERENCES "auth_group" ("id") DEFERRABLE INITIALLY DEFERRED);
CREATE TABLE "user_user_user_permissions" ("id" integer NOT NULL PRIMARY KEY AUTOINCREMENT, "user_id" integer NOT NULL REFERENCES "user_user" ("id") DEFERRABLE INITIALLY DEFERRED, "permission_id" integer NOT NULL REFERENCES "auth_permission" ("id") DEFERRABLE INITIALLY DEFERRED);
CREATE TABLE "django_admin_log" ("id" integer NOT NULL PRIMARY KEY AUTOINCREMENT, "action_time" datetime NOT NULL, "object_id" text NULL, "object_repr" varchar(200) NOT NULL, "change_message" text NOT NULL, "content_type_id" integer NULL REFERENCES "django_content_type" ("id") DEFERRABLE INITIALLY DEFERRED, "user_id" integer NOT NULL REFERENCES "user_user" ("id") DEFERRABLE INITIALLY DEFERRED, "action_flag" smallint unsigned NOT NULL CHECK ("action_flag" >= 0));
CREATE TABLE "project_image" ("id" integer NOT NULL PRIMARY KEY AUTOINCREMENT, "projectId" integer NOT NULL, "path" varchar(100) NOT NULL);
INSERT INTO "project_image" VALUES(1,1,'mopga/static/data/projects/1/images/maker1_projet1.jpg');
INSERT INTO "project_image" VALUES(2,2,'mopga/static/data/projects/2/images/maker1_projet2.jpg');
INSERT INTO "project_image" VALUES(3,3,'mopga/static/data/projects/3/images/maker1_projet3.jpg');
INSERT INTO "project_image" VALUES(4,4,'mopga/static/data/projects/4/images/maker_2_projet1.jpeg');
INSERT INTO "project_image" VALUES(5,5,'mopga/static/data/projects/5/images/homer.jpeg');
CREATE TABLE "project_projects" ("id" integer NOT NULL PRIMARY KEY AUTOINCREMENT, "title" varchar(200) NOT NULL UNIQUE, "description" varchar(5000) NOT NULL, "copyright" varchar(200) NOT NULL, "beginDate" datetime NOT NULL, "deadline" datetime NOT NULL, "completed" bool NOT NULL, "donationGoal" integer NOT NULL, "moneyCollected" integer NOT NULL, "imageName" varchar(200) NOT NULL, "note" real NOT NULL, "annoncer_id" integer NOT NULL REFERENCES "user_user" ("id") DEFERRABLE INITIALLY DEFERRED);
INSERT INTO "project_projects" VALUES(1,'Premier projet du maker 1','Voici le premier projet du maker 1 !','','2021-01-21 14:39:20.485000','2026-12-31 00:00:00',0,1000,1000,'maker1_projet1.jpg',5.0,1);
INSERT INTO "project_projects" VALUES(2,'Deuxième projet du maker 1','Voici le deuxième projet du maker 1 !','','2021-01-21 14:41:44.478004','2028-03-06 00:00:00',0,17485,15,'maker1_projet2.jpg',3.5,1);
INSERT INTO "project_projects" VALUES(3,'Troisième projet !','Et un troisième projet !','','2021-01-21 14:44:05.566564','2026-07-07 00:00:00',0,68430,8597,'maker1_projet3.jpg',1.0,1);
INSERT INTO "project_projects" VALUES(4,'Réduction des déchets plastiques dans les écoles','Bonjour,

Je suis le maker 2 et je souhaiterais porter le projet de monter ma societé dans le but de proposer aux mairies de chaque commune de France des repas adaptés, équilibrés et locaux, et surtout dans le respect de la planete et de son éco-système en limitant au maximum l''utilisation de plastique non recyclable afin d''en limiter les déchets.

Pour cela, j''ai besoin de fonds propres afin de lancer l''aventure !','','2021-01-21 14:51:26.653814','2026-05-06 00:00:00',0,22748,4563,'maker_2_projet1.jpeg',3.66666666666666651863e+00,2);
INSERT INTO "project_projects" VALUES(5,'J''ai un petit creux...','Le gras c''est la vie !','','2021-01-21 15:44:29.270336','2024-01-13 00:00:00',0,5,0,'homer.jpeg',3.5,8);
CREATE TABLE "project_projects_donaters" ("id" integer NOT NULL PRIMARY KEY AUTOINCREMENT, "projects_id" integer NOT NULL REFERENCES "project_projects" ("id") DEFERRABLE INITIALLY DEFERRED, "user_id" integer NOT NULL REFERENCES "user_user" ("id") DEFERRABLE INITIALLY DEFERRED);
CREATE TABLE "project_evaluateby" ("id" integer NOT NULL PRIMARY KEY AUTOINCREMENT, "score" integer NOT NULL, "idProject_id" integer NOT NULL REFERENCES "project_projects" ("id") DEFERRABLE INITIALLY DEFERRED, "idUser_id" integer NOT NULL REFERENCES "user_user" ("id") DEFERRABLE INITIALLY DEFERRED);
INSERT INTO "project_evaluateby" VALUES(1,5,1,4);
INSERT INTO "project_evaluateby" VALUES(2,2,2,5);
INSERT INTO "project_evaluateby" VALUES(3,5,2,4);
INSERT INTO "project_evaluateby" VALUES(4,4,4,4);
INSERT INTO "project_evaluateby" VALUES(5,1,3,5);
INSERT INTO "project_evaluateby" VALUES(6,5,5,4);
INSERT INTO "project_evaluateby" VALUES(7,2,5,5);
INSERT INTO "project_evaluateby" VALUES(8,5,4,6);
INSERT INTO "project_evaluateby" VALUES(9,2,4,5);
CREATE TABLE "project_comments" ("id" integer NOT NULL PRIMARY KEY AUTOINCREMENT, "title" varchar(50) NOT NULL, "content" varchar(500) NOT NULL, "beginDate" datetime NOT NULL, "project_id" integer NOT NULL REFERENCES "project_projects" ("id") DEFERRABLE INITIALLY DEFERRED, "user_id" integer NOT NULL REFERENCES "user_user" ("id") DEFERRABLE INITIALLY DEFERRED);
INSERT INTO "project_comments" VALUES(1,'','Beau premier projet !','2021-01-21 15:47:08.059062',1,6);
INSERT INTO "project_comments" VALUES(2,'','Je confirme ! J''ai donné les 1000 € ! Bonne continuation!','2021-01-21 15:48:15.208154',1,3);
INSERT INTO "project_comments" VALUES(3,'','Maginfique projet ! Je soutiens ta cause, à vous les funder !','2021-01-21 15:50:01.890506',4,1);
INSERT INTO "project_comments" VALUES(4,'','Le meilleur projet du site ! Bravo à vous, 5 étoiles !','2021-01-21 15:57:17.259242',4,4);
INSERT INTO "project_comments" VALUES(5,'','Bof, il y a mieux comme projet. Une étoile.','2021-01-21 16:09:48.410083',3,5);
CREATE TABLE "django_session" ("session_key" varchar(40) NOT NULL PRIMARY KEY, "session_data" text NOT NULL, "expire_date" datetime NOT NULL);
INSERT INTO "django_session" VALUES('a11wo722h1ozkmbzt5lwoju927ykskeh','ZDdiNDIyODJjNjIwMGY4ZjA1YWU2NzRmYjRiMDdmZjhjMjAxNGQ1MTp7Il9hdXRoX3VzZXJfaWQiOiIxIiwiX2F1dGhfdXNlcl9iYWNrZW5kIjoiZGphbmdvLmNvbnRyaWIuYXV0aC5iYWNrZW5kcy5Nb2RlbEJhY2tlbmQiLCJfYXV0aF91c2VyX2hhc2giOiI5YWZjNjhlZTM3MzdiNmY0NzgxOTc5ZThjZmRiMmNjMDJlYjAwYjhkIn0=','2021-02-04 17:00:52.622553');
DELETE FROM sqlite_sequence;
INSERT INTO "sqlite_sequence" VALUES('django_migrations',20);
INSERT INTO "sqlite_sequence" VALUES('django_content_type',10);
INSERT INTO "sqlite_sequence" VALUES('auth_permission',40);
INSERT INTO "sqlite_sequence" VALUES('auth_group',0);
INSERT INTO "sqlite_sequence" VALUES('django_admin_log',0);
INSERT INTO "sqlite_sequence" VALUES('project_projects',5);
INSERT INTO "sqlite_sequence" VALUES('project_evaluateby',9);
INSERT INTO "sqlite_sequence" VALUES('project_comments',5);
INSERT INTO "sqlite_sequence" VALUES('project_image',5);
INSERT INTO "sqlite_sequence" VALUES('django_migrations',20);
INSERT INTO "sqlite_sequence" VALUES('django_content_type',10);
INSERT INTO "sqlite_sequence" VALUES('auth_permission',40);
INSERT INTO "sqlite_sequence" VALUES('auth_group',0);
INSERT INTO "sqlite_sequence" VALUES('django_admin_log',0);
INSERT INTO "sqlite_sequence" VALUES('project_projects',5);
INSERT INTO "sqlite_sequence" VALUES('project_evaluateby',9);
INSERT INTO "sqlite_sequence" VALUES('project_comments',5);
INSERT INTO "sqlite_sequence" VALUES('user_user',8);
INSERT INTO "sqlite_sequence" VALUES('project_image',5);
CREATE UNIQUE INDEX "django_content_type_app_label_model_76bd3d3b_uniq" ON "django_content_type" ("app_label", "model");
CREATE UNIQUE INDEX "auth_group_permissions_group_id_permission_id_0cd325b0_uniq" ON "auth_group_permissions" ("group_id", "permission_id");
CREATE INDEX "auth_group_permissions_group_id_b120cbf9" ON "auth_group_permissions" ("group_id");
CREATE INDEX "auth_group_permissions_permission_id_84c5c92e" ON "auth_group_permissions" ("permission_id");
CREATE UNIQUE INDEX "auth_permission_content_type_id_codename_01ab375a_uniq" ON "auth_permission" ("content_type_id", "codename");
CREATE INDEX "auth_permission_content_type_id_2f476e4b" ON "auth_permission" ("content_type_id");
CREATE UNIQUE INDEX "user_user_groups_user_id_group_id_bb60391f_uniq" ON "user_user_groups" ("user_id", "group_id");
CREATE INDEX "user_user_groups_user_id_13f9a20d" ON "user_user_groups" ("user_id");
CREATE INDEX "user_user_groups_group_id_c57f13c0" ON "user_user_groups" ("group_id");
CREATE UNIQUE INDEX "user_user_user_permissions_user_id_permission_id_64f4d5b8_uniq" ON "user_user_user_permissions" ("user_id", "permission_id");
CREATE INDEX "user_user_user_permissions_user_id_31782f58" ON "user_user_user_permissions" ("user_id");
CREATE INDEX "user_user_user_permissions_permission_id_ce49d4de" ON "user_user_user_permissions" ("permission_id");
CREATE INDEX "django_admin_log_content_type_id_c4bce8eb" ON "django_admin_log" ("content_type_id");
CREATE INDEX "django_admin_log_user_id_c564eba6" ON "django_admin_log" ("user_id");
CREATE INDEX "project_projects_annoncer_id_f29e00d8" ON "project_projects" ("annoncer_id");
CREATE UNIQUE INDEX "project_projects_donaters_projects_id_user_id_d1c78a11_uniq" ON "project_projects_donaters" ("projects_id", "user_id");
CREATE INDEX "project_projects_donaters_projects_id_97044dca" ON "project_projects_donaters" ("projects_id");
CREATE INDEX "project_projects_donaters_user_id_c78ad9b5" ON "project_projects_donaters" ("user_id");
CREATE INDEX "project_evaluateby_idProject_id_cd946495" ON "project_evaluateby" ("idProject_id");
CREATE INDEX "project_evaluateby_idUser_id_a312457e" ON "project_evaluateby" ("idUser_id");
CREATE INDEX "project_comments_project_id_cd9b33d8" ON "project_comments" ("project_id");
CREATE INDEX "project_comments_user_id_f1938a36" ON "project_comments" ("user_id");
CREATE INDEX "django_session_expire_date_a5c62663" ON "django_session" ("expire_date");
COMMIT;
